feature_1,feature_2,abs_correlation,correlation
solarenergy,solarradiation,0.9998206344990312,0.9998206344990312
feelslike,temp,0.9968995917997648,0.9968995917997648
feelslikemin,tempmin,0.9946947136420645,0.9946947136420645
feelslikemax,tempmax,0.9918911333940342,0.9918911333940342
daylight_minutes,sunset_minutes,0.9852113636852796,0.9852113636852796
temp,tempmin,0.9822144937267299,0.9822144937267299
feelslike,feelslikemin,0.9820696057553038,0.9820696057553038
feelslikemin,temp,0.9818054484237484,0.9818054484237484
temp,tempmax,0.9817425128390503,0.9817425128390503
feelslike,feelslikemax,0.9814644848314787,0.9814644848314787
feelslike,tempmax,0.9806224050490565,0.9806224050490565
feelslike,tempmin,0.9780423958590594,0.9780423958590594
feelslikemax,temp,0.9766865096886335,0.9766865096886335
dew,feelslikemin,0.9577355454616695,0.9577355454616695
dew,tempmin,0.9550124858607905,0.9550124858607905
dew,feelslike,0.942772569830727,0.942772569830727
feelslikemin,tempmax,0.9403411721110558,0.9403411721110558
feelslikemax,feelslikemin,0.9395296449407454,0.9395296449407454
dew,temp,0.9390281558883522,0.9390281558883522
feelslikemax,tempmin,0.9368132264448423,0.9368132264448423
tempmax,tempmin,0.9362591769919218,0.9362591769919218
daylight_minutes,sunrise_minutes,0.9195546888448306,-0.9195546888448306
dew,feelslikemax,0.9096890521688887,0.9096890521688887
dew,tempmax,0.9002841560560345,0.9002841560560345
solarradiation,uvindex,0.8779474188034295,0.8779474188034295
solarenergy,uvindex,0.8778243316655003,0.8778243316655003
