model_name,strategy,target,n_features,n_train,n_validation,n_test,fit_time_seconds,predict_time_seconds,train_mae,train_rmse,train_r2,train_median_ae,train_explained_variance,train_mape,validation_mae,validation_rmse,validation_r2,validation_median_ae,validation_explained_variance,validation_mape,test_mae,test_rmse,test_r2,test_median_ae,test_explained_variance,test_mape,folder_name,display_name,intercept,best_alpha,solver,coef_l2_norm,max_iter,tol,n_non_zero_coefficients,best_max_depth,best_min_samples_leaf,best_min_samples_split,tree_depth,n_leaves,best_n_neighbors,best_weights,best_p,best_n_estimators,best_max_features,best_learning_rate,best_subsample,best_hidden_layer_sizes,best_activation,best_learning_rate_init,early_stopping,iterations_used,final_training_loss,rank_validation_rmse,rank_validation_mae,rank_validation_r2,rank_test_rmse,rank_test_mae,rank_test_r2,rank_sum_validation,rank_sum_test
DummyRegressor,mean,total_rentals,16,21787,4747,4755,0.0003625419922173,7.708297926001251e-05,28.636894040710335,37.812731952275456,0.0,23.65965942993529,0.0,1.317959320084722,36.99863327159619,46.09959323500424,-0.5329392479010095,32.34034057006471,0.0,0.5848046627588195,38.140610770456746,48.55739254977917,-0.5234773424284487,31.65965942993529,1.1102230246251563e-16,0.6505909190771523,00_dummy_regressor,Dummy,,,,,,,,,,,,,,,,,,,,,,,,,,9,9,9,9,9,9,27,27
LinearRegression,,total_rentals,16,21787,4747,4755,0.0061173340072855,0.0009344170102849,20.079917401479147,28.2270291838568,0.442744668316138,15.470555247498922,0.442744668316138,0.6238223289866204,26.102921888322044,32.894819348286134,0.2194768865276255,21.975392293322106,0.3149616596153767,0.5586249226336503,29.373094342544547,36.68247570066528,0.1305541055037934,25.12865043561837,0.2955549913041745,0.5977360336233033,01_linear_regression,Linear,64.65965942993176,,,,,,,,,,,,,,,,,,,,,,,,,8,8,8,8,8,8,24,24
RidgeRegression,,total_rentals,16,21787,4747,4755,0.0014190829824656,0.0003231250157114,20.051698767305624,28.254604259330687,0.4416553674583374,15.451548107662362,0.4416553674583373,0.6322465319491335,25.53084613912847,32.32463306679791,0.2463009562422577,21.37412117016882,0.319991556666752,0.5464971195073409,28.64555185106004,35.86808211692589,0.1687309811528685,24.211437619752928,0.3089793580161156,0.5823906168777332,02_ridge_regression,Ridge,64.6596594299346,1000.0,auto,20.693880812358916,,,,,,,,,,,,,,,,,,,,,,6,7,6,7,7,7,19,21
LassoRegression,,total_rentals,16,21787,4747,4755,0.0060160830034874,0.0003561250050552,20.331871944751946,28.785324478981178,0.4204830451808267,15.652695729928666,0.4204830451808267,0.6851061973641204,24.035141820275943,31.125342806656487,0.3011901086907304,19.52079381614105,0.310280163688396,0.510040913141131,26.20652467066911,33.486126121010784,0.275472121019554,21.47431056395465,0.3264544225183934,0.5600555825596749,03_lasso_regression,Lasso,64.65965942993529,2.0,,,10000.0,0.0001,9.0,,,,,,,,,,,,,,,,,,,3,4,3,3,6,3,10,12
DecisionTreeRegressor,,total_rentals,16,21787,4747,4755,0.0317180840065702,0.0023158749972935,17.973537984955115,25.495464474496817,0.545378736647792,13.461309523809526,0.545378736647792,0.4596897531338121,23.932926800936393,31.656714424721876,0.2771262840957693,19.22445255474453,0.3047305764172267,0.4269796357029662,25.366448285208,33.88400386995261,0.2581523429997504,19.78708685626441,0.3286058644899997,0.389386196408154,04_decision_tree,Decision Tree,,,,,,,,8.0,5.0,10.0,8.0,190.0,,,,,,,,,,,,,,4,3,4,5,3,5,11,13
KNNRegressor,,total_rentals,16,21787,4747,4755,0.0006102079933043,0.6237588330113795,17.45377335108092,24.704263591752277,0.5731574429151618,13.04,0.573293211440749,0.4942086369066624,24.653322098167266,32.65070996692119,0.231018281451298,19.76,0.2484054661872243,0.4065060205085075,25.503587802313355,33.5635976208991,0.2721157942171371,20.239999999999995,0.3210833317438272,0.3805427896818015,05_knn_regressor,KNN,,,,,,,,,,,,,25.0,uniform,2.0,,,,,,,,,,,7,6,7,4,4,4,20,12
RandomForestRegressor,,total_rentals,16,21787,4747,4755,0.21094470800017,0.0749061249953229,17.210265710728528,24.47639559909621,0.5809953761526567,12.669519295054853,0.5809958045439292,0.4360654228370194,22.539662153652653,30.225397788606593,0.3410160953287798,17.779572231030357,0.3694482883077329,0.3845177044500564,24.091333820856768,32.47934487651972,0.3183839542254741,18.497334655322348,0.3788759882946761,0.3954695958788404,06_random_forest,Random Forest,,,,,,,,12.0,10.0,20.0,,,,,,100.0,sqrt,,,,,,,,,2,2,2,2,2,2,6,6
GradientBoostingRegressor,,total_rentals,16,21787,4747,4755,2.3788015830214135,0.027635584003292,18.26607366268231,25.882384006233924,0.5314753546581813,13.913878193934137,0.5314753546581813,0.5387585314360265,22.138400621775705,29.722961964297976,0.3627425397711069,17.357885335954187,0.3861175840508863,0.3802539166183328,23.991900356503027,32.440621282007115,0.3200083028037136,18.482732932644232,0.382771444311516,0.3776493734032762,07_gradient_boosting,Gradient Boosting,,,,,,,,2.0,5.0,,,,,,,200.0,,0.05,1.0,,,,,,,1,1,1,1,1,1,3,3
NeuralNetworkRegressor,,total_rentals,16,21787,4747,4755,15.720255416003056,0.0345910000032745,17.337202010223702,24.56648133219374,0.5779053949065096,12.854957085250476,0.5779339268596642,0.4392085932754559,24.051651596743117,31.913586819273565,0.2653474457759189,19.145686233221767,0.2938094946801486,0.3713450466001156,25.93157046284545,34.48581935654373,0.2315663368820162,20.39392425183422,0.3145547369533709,0.4387934730966988,08_neural_network,Neural Network,,0.001,adam,,500.0,,,,,,,,,,,,,,,"(64, 32)",tanh,0.0005,False,500.0,302.8081739353337,5,5,5,6,5,6,15,17
